id,loss,accuracy
1,0.6486754417419434,0.8125
2,0.6486748456954956,0.8125
3,0.6297404766082764,0.9375
4,0.6486746072769165,0.8125
5,0.6676099300384521,0.6875
6,0.6202726364135742,1.0
