id,loss,accuracy
1,0.7338812947273254,0.25
2,0.7244162559509277,0.3125
3,0.7528157234191895,0.125
4,0.7433499693870544,0.1875
